{
  "project_info": {
    "project_number": "453010451166",
    "project_id": "allert-b59d2",
    "storage_bucket": "allert-b59d2.firebasestorage.app"
  },
  "client": [
    {
      "client_info": {
        "mobilesdk_app_id": "1:453010451166:android:58e09ebc4035831f5cf04f",
        "android_client_info": {
          "package_name": "com.rutbat.ardmoney"
        }
      },
      "oauth_client": [],
      "api_key": [
        {
          "current_key": "AIzaSyAD_wJyGEcLsiLktaJMLVlwD9c84Zlead0"
        }
      ],
      "services": {
        "appinvite_service": {
          "other_platform_oauth_client": []
        }
      }
    }
  ],
  "configuration_version": "1"
}